﻿<?xml version="1.0" encoding="utf-8"?>
<fmiModelDescription fmiVersion="2.0" modelName="SINAMICS DriveSim Basic FMU" guid="{64be76f4-536d-463c-b74c-8e4459135d64}" description="SINAMICS DriveSim Basic - ©Siemens AG 2021 - V1.0.00" author="Siemens AG" version="1.0.00" copyright="©SIEMENS AG 2021" license="Proprietary" generationTool="Siemens FmuFramework" generationDateAndTime="2021-05-26T14:40:10Z" numberOfEventIndicators="0">
  <CoSimulation modelIdentifier="DriveSimBasic" />
  <DefaultExperiment startTime="0" stepSize="0.0005" />
  <UnitDefinitions>
    <Unit name="1/min">
      <BaseUnit s="-1" factor="0.0166666666666667" offset="0" />
    </Unit>
    <Unit name="s">
      <BaseUnit s="1" factor="1" offset="0" />
      <DisplayUnit name="min" factor="0.0166666666666667" offset="0" />
      <DisplayUnit name="h" factor="0.000277777777777778" offset="0" />
      <DisplayUnit name="ms" factor="1000" offset="0" />
    </Unit>
    <Unit name="ms" />
  </UnitDefinitions>
  <ModelVariables>
    <ScalarVariable name="PZD_In_1" valueReference="1" causality="input" variability="discrete">
      <Integer start="0" />
    </ScalarVariable>
    <ScalarVariable name="PZD_In_2" valueReference="2" causality="input" variability="discrete">
      <Integer start="0" />
    </ScalarVariable>
    <ScalarVariable name="PZD_In_3" valueReference="3" causality="input" variability="discrete">
      <Integer start="0" />
    </ScalarVariable>
    <ScalarVariable name="PZD_In_4" valueReference="4" causality="input" variability="discrete">
      <Integer start="0" />
    </ScalarVariable>
    <ScalarVariable name="PZD_In_5" valueReference="5" causality="input" variability="discrete">
      <Integer start="0" />
    </ScalarVariable>
    <ScalarVariable name="PZD_In_6" valueReference="6" causality="input" variability="discrete">
      <Integer start="0" />
    </ScalarVariable>
    <ScalarVariable name="n_act_1" valueReference="7" causality="input" variability="discrete">
      <Real start="0" />
    </ScalarVariable>
    <ScalarVariable name="n_act_2" valueReference="8" causality="input" variability="discrete">
      <Real start="0" />
    </ScalarVariable>
    <ScalarVariable name="PZD_Out_1" valueReference="9" causality="output" variability="discrete" initial="calculated">
      <Integer />
    </ScalarVariable>
    <ScalarVariable name="PZD_Out_2" valueReference="10" causality="output" variability="discrete" initial="calculated">
      <Integer />
    </ScalarVariable>
    <ScalarVariable name="PZD_Out_3" valueReference="11" causality="output" variability="discrete" initial="calculated">
      <Integer />
    </ScalarVariable>
    <ScalarVariable name="PZD_Out_4" valueReference="12" causality="output" variability="discrete" initial="calculated">
      <Integer />
    </ScalarVariable>
    <ScalarVariable name="PZD_Out_5" valueReference="13" causality="output" variability="discrete" initial="calculated">
      <Integer />
    </ScalarVariable>
    <ScalarVariable name="PZD_Out_6" valueReference="14" causality="output" variability="discrete" initial="calculated">
      <Integer />
    </ScalarVariable>
    <ScalarVariable name="PZD_Out_7" valueReference="15" causality="output" variability="discrete" initial="calculated">
      <Integer />
    </ScalarVariable>
    <ScalarVariable name="PZD_Out_8" valueReference="16" causality="output" variability="discrete" initial="calculated">
      <Integer />
    </ScalarVariable>
    <ScalarVariable name="PZD_Out_9" valueReference="17" causality="output" variability="discrete" initial="calculated">
      <Integer />
    </ScalarVariable>
    <ScalarVariable name="PZD_Out_10" valueReference="18" causality="output" variability="discrete" initial="calculated">
      <Integer />
    </ScalarVariable>
    <ScalarVariable name="PZD_Out_11" valueReference="19" causality="output" variability="discrete" initial="calculated">
      <Integer />
    </ScalarVariable>
    <ScalarVariable name="PZD_Out_12" valueReference="20" causality="output" variability="discrete" initial="calculated">
      <Integer />
    </ScalarVariable>
    <ScalarVariable name="PZD_Out_13" valueReference="21" causality="output" variability="discrete" initial="calculated">
      <Integer />
    </ScalarVariable>
    <ScalarVariable name="PZD_Out_14" valueReference="22" causality="output" variability="discrete" initial="calculated">
      <Integer />
    </ScalarVariable>
    <ScalarVariable name="n_set" valueReference="23" causality="output" variability="continuous" initial="calculated">
      <Real />
    </ScalarVariable>
    <ScalarVariable name="mismatch" valueReference="24" causality="output" variability="discrete" initial="calculated">
      <Integer />
    </ScalarVariable>
    <ScalarVariable name="Config.ExternalLoad" valueReference="25" description="1 .. external application, 0 .. internal feedback loop" causality="parameter" variability="fixed">
      <Real start="1" />
    </ScalarVariable>
    <ScalarVariable name="Config.SetpointChannel" valueReference="26" description="1 .. ramp function generator is active, 0 .. ramp function generator is stubbed" causality="parameter" variability="fixed">
      <Real start="1" />
    </ScalarVariable>
    <ScalarVariable name="Config.SequenceControl" valueReference="27" description="1 .. sequence controller is active, 0 .. sequence controller is stubbed" causality="parameter" variability="fixed">
      <Real start="1" />
    </ScalarVariable>
    <ScalarVariable name="Param.EncoderEvaluation.p0400_0_Enc_type_sel" valueReference="28" description="Encoder 1 type selection" causality="parameter" variability="fixed">
      <Real start="0" />
    </ScalarVariable>
    <ScalarVariable name="Param.EncoderEvaluation.p0400_1_Enc_type_sel" valueReference="29" description="Encoder 2 type selection" causality="parameter" variability="fixed">
      <Real start="0" />
    </ScalarVariable>
    <ScalarVariable name="Param.EncoderEvaluation.p0418_0_Enc_fine_Gx_XIST1" valueReference="30" description="Fine resolution G1_XIST1 (in bits)" causality="parameter" variability="fixed">
      <Real start="11" />
    </ScalarVariable>
    <ScalarVariable name="Param.EncoderEvaluation.p0418_1_Enc_fine_Gx_XIST1" valueReference="31" description="Fine resolution G2_XIST1 (in bits)" causality="parameter" variability="fixed">
      <Real start="11" />
    </ScalarVariable>
    <ScalarVariable name="Param.PROFIdrive.p0922_IF1_PZD_tel" valueReference="32" description="IF1 PROFIdrive PZD telegram selection" causality="parameter" variability="fixed">
      <Real start="1" />
    </ScalarVariable>
    <ScalarVariable name="Param.SetpointChannel.p1082_n_max" valueReference="33" description="Maximum speed" causality="parameter" variability="fixed">
      <Real start="1500" unit="1/min" />
    </ScalarVariable>
    <ScalarVariable name="Param.SetpointChannel.p1120_RFG_ramp_up_time" valueReference="34" description="Ramp-function generator ramp-up time" causality="parameter" variability="fixed">
      <Real start="10" unit="s" />
    </ScalarVariable>
    <ScalarVariable name="Param.SetpointChannel.p1121_RFG_ramp_down_time" valueReference="35" description="Ramp-function generator ramp-down time" causality="parameter" variability="fixed">
      <Real start="10" unit="s" />
    </ScalarVariable>
    <ScalarVariable name="Param.SetpointChannel.p1148_RFG_tol_HL_RL_act" valueReference="36" description="Ramp-function gen. tolerance for ramp-up and ramp-down active" causality="parameter" variability="fixed">
      <Real start="0.2" unit="1/min" />
    </ScalarVariable>
    <ScalarVariable name="Param.ReferenceValues.p2000_n_ref" valueReference="37" description="Reference speed reference frequency" causality="parameter" variability="fixed">
      <Real start="3000" unit="1/min" />
    </ScalarVariable>
    <ScalarVariable name="Param.Communication.p2048_IF1_PZD_t_samp" valueReference="38" description="IF1 PROFIdrive PZD sampling time" causality="parameter" variability="fixed">
      <Real start="4" unit="ms" />
    </ScalarVariable>
  </ModelVariables>
  <ModelStructure>
    <Outputs>
      <Unknown index="9" />
      <Unknown index="10" />
      <Unknown index="11" />
      <Unknown index="12" />
      <Unknown index="13" />
      <Unknown index="14" />
      <Unknown index="15" />
      <Unknown index="16" />
      <Unknown index="17" />
      <Unknown index="18" />
      <Unknown index="19" />
      <Unknown index="20" />
      <Unknown index="21" />
      <Unknown index="22" />
      <Unknown index="23" />
      <Unknown index="24" />
    </Outputs>
    <InitialUnknowns>
      <Unknown index="9" />
      <Unknown index="10" />
      <Unknown index="11" />
      <Unknown index="12" />
      <Unknown index="13" />
      <Unknown index="14" />
      <Unknown index="15" />
      <Unknown index="16" />
      <Unknown index="17" />
      <Unknown index="18" />
      <Unknown index="19" />
      <Unknown index="20" />
      <Unknown index="21" />
      <Unknown index="22" />
      <Unknown index="23" />
      <Unknown index="24" />
    </InitialUnknowns>
  </ModelStructure>
</fmiModelDescription>